,question,contexts,ground_truth,evolution_type,metadata,episode_done
0,What benefits does OpenFaaS serverless compute offer in terms of performance?,"['Cloud GPUs\n\nArray of advanced Cloud GPU products for enterprise machine learning and Generative Al workloads.\n\nContainers & Serverless\n\nHighly Performant Kubernetes Containers and OpenFaaS based serverless compute allows\n\nLinux Cloud\n\nHighly performant and affordable CPU Intensive, Memory Intensive & Smart Dedicated Compute onthe Cloud powered by Linux.\n\nInfiniband upto 3.2Tbps\n\nInfiniband NDR allows for low latency scalability of Cloud GPU clusters beyond the limits of a single physical machine with interconnects upto 3.2 Tops.\n\nTIR - GenAl Platform\n\nGPU-backed Machine Learning platform packaged with top open source frameworks and built for advanced Al for Training, Inference and Model End Point Deployments\n\nStorage & Cloud Solutions\n\nCloud Solutions: LB, DBaaS, Firewall, Containers, Auto Scaling & Storage Solutions: Object Storage, Block Storage, Container Attached Storage, Elastic File System.']",The answer to given question is not present in context,simple,[{'source': '/opt/datasets/test-10/1.png'}],True
1,How are cash flows reported in the E2E Cloud's financial statements according to the indirect method?,"['E2E Cloud\n\nAnnual Report 2023-24\n\nk. Trade and other payables\n\nTrade and other payables represent liabilities for goods or services provided to the Company prior to the end of financial year which are unpaid.\n\n|. Borrowings\n\nBorrowings are initially recognised at fair value, net of transaction costs incurred. Borrowings are subsequently measured at amortised cost. Any difference between the proceeds (net of transaction costs) and the redemption amount is recognised in Statement of Profit and Loss over the period of the borrowings using the effective interest rate method.\n\nBorrowings are removed from the balance sheet when the obligation specified in the contract is discharged, cancelled or expired.\n\nThe difference between the carrying amount of a financial liability that has been extinguished or transferred to another party and the consideration paid, including any non-cash assets transferred or liabilities assumed, is recognised in Statement of Profit and Loss.\n\nm. Foreign exchange gains or losses\n\nFor financial liabilities that are denominated in a foreign currency and are measured at amortised cost at the end of each reporting period, the foreign exchange gains and losses are determined based on the amortised cost of the instruments and are recognised in profit or loss.\n\nThe fair value of financial liabilities denominated in a foreign currency is determined in that foreign currency and translated at the exchange rate at the end of the reporting period. For financial liabilities that are measured as at fair value through profit or loss, the foreign exchange component forms part of the fair value gains or losses and is recognised in Statement of Profit and Loss.\n\nn. Derecognition of financial liabilities\n\nThe Company derecognises financial liabilities when, and only when, the Company’s obligations are discharged, cancelled or have expired.\n\no. Offsetting Financial Instruments\n\nFinancial assets and liabilities are offset and the net amount is reported in the Balance Sheet where there is a legally enforceable right to offset the recognised amounts and there is an intention to settle on a net basis or realise the asset and settle the liability simultaneously. The legally enforceable right must not be contingent on future events and must be enforceable in the normal course of business and in the event of default, insolvency or bankruptcy of the Company or the counterparty.\n\nxiv. Impairment of non-financial assets\n\nProperty, plant and equipment and other intangible assets represent a significant proportion of the asset base the Company. The charge in respect of periodic depreciation / amortisation is derived after determining an estimate of an asset’s expected useful life and the expected residual value at the end of its life. The useful lives and residual values of Company’s assets are determined at the time the asset is acquired and reviewed periodically. The lives are based on historical experience with similar assets as well as anticipation of future events, which may impact their life, such as changes in technology. The estimated useful life is reviewed at least annually.\n\nof\n\nxv. Cash Flow Statement\n\nCash flows are reported using the indirect method, whereby loss for the period is adjusted for the effects of transactions of a non-cash nature, any deferrals or accruals of past or future operating cash receipts or payments and item of income or expenses associated with investing or financing cash flows. The cash flows from operating, investing and financing activities of the Company are segregated.\n\nxvi. Events occurring after the balance sheet date\n\nBased on the nature of the event, the company identifies the events occurring between the balance sheet date and the date on which the financial statements are approved as ‘Adjusting Event’ and ‘Non-adjusting event’. Adjustments to assets and liabilities are made for events occurring after the balance sheet date that provide additional information materially affecting the determination of the amounts relating to conditions existing at the balance sheet date or because of statutory requirements or because of their special nature. For non-adjusting events, the company may provide a disclosure in the financial statements considering the nature of the transaction.\n\n——@®\n\nE2E Networks Limited']","Cash flows are reported using the indirect method, whereby loss for the period is adjusted for the effects of transactions of a non-cash nature, any deferrals or accruals of past or future operating cash receipts or payments and item of income or expenses associated with investing or financing cash flows. The cash flows from operating, investing and financing activities of the Company are segregated.",simple,[{'source': '/opt/datasets/test-10/2.png'}],True
2,What benefits do Kubernetes Containers provide in cloud computing environments?,"['Cloud GPUs\n\nArray of advanced Cloud GPU products for enterprise machine learning and Generative Al workloads.\n\nContainers & Serverless\n\nHighly Performant Kubernetes Containers and OpenFaaS based serverless compute allows\n\nLinux Cloud\n\nHighly performant and affordable CPU Intensive, Memory Intensive & Smart Dedicated Compute onthe Cloud powered by Linux.\n\nInfiniband upto 3.2Tbps\n\nInfiniband NDR allows for low latency scalability of Cloud GPU clusters beyond the limits of a single physical machine with interconnects upto 3.2 Tops.\n\nTIR - GenAl Platform\n\nGPU-backed Machine Learning platform packaged with top open source frameworks and built for advanced Al for Training, Inference and Model End Point Deployments\n\nStorage & Cloud Solutions\n\nCloud Solutions: LB, DBaaS, Firewall, Containers, Auto Scaling & Storage Solutions: Object Storage, Block Storage, Container Attached Storage, Elastic File System.']",Kubernetes Containers provide highly performant compute in cloud computing environments.,simple,[{'source': '/opt/datasets/test-10/1.png'}],True
3,"What are the cash and cash equivalents reported by E2E Cloud as of March 31, 2024, and March 31, 2023?","['E2E Cloud\n\nAnnual Report 2023-24\n\n(All amounts are in INR lakhs, unless otherwise stated)\n\n9. Cash and cash equivalents\n\nParticulars As at March 31, 2024 As at March 31, 2023 Balance with Banks — On current accounts 721.25 213.56 — Deposits with original maturity of less than 3 months 1,369.39 Balance with Payment Gateway 55.89 48.36 Total 777.14 1,631.31\n\nThere are no repatriation restrictions with regard to cash and cash equivalents as at the end of the reporting year and prior year.\n\n10. Other bank balances\n\nParticulars As at March 31, 2024 As at March 31, 2023 Balances with banks: — Deposits with original maturity of 3 to12 months 123.91 546.06 — Deposits with original maturity of more than 12 months 386.63 - 510.54 546.06 Amount disclosed as “Other financial assets” (refer note 6) (386.63) - Total 123.91 546.06\n\nanere. are no repatriation restrictions with regard to other bank balances as at the end of the reporting period and prior periods.\n\n11. Other assets\n\nAs at As at March 31, 2024 March 31, 2023 Particulars Current cunt Current cunt Total Unsecured, considered good unless otherwise stated Prepaid expenses 287.99 - 50.60 - Prepaid for CSR Expense 6.41 - - - Advance to vendors 8.69 - 11.22 - Advance to employees 0.39 - 0.50 - GST Receivable 2,027.42 - 35.16 - 2,330.90 : 97.48 :\n\nE2E Networks Limited\n\neG\n\n—']","As of March 31, 2024, the cash and cash equivalents reported by E2E Cloud are INR 777.14 lakhs. As of March 31, 2023, the cash and cash equivalents are INR 1,631.31 lakhs.",simple,[{'source': '/opt/datasets/test-10/7.png'}],True
4,Why are Internet Protocol (IP) addresses considered assets with an indefinite useful life?,"['E2E Cloud\n\nAnnual Report 2023-24\n\n(All amounts are in INR lakhs, unless otherwise stated)\n\n(ii) Revaluation of IP addresses\n\nThe management determined that IP addresses constitute one class of asset, based on the nature and characteristics. The effective date of revaluation is 31 March 2024. The revaluation of IP addresses is based on the valuation by a registered valuer as defined under rule 2 of Companies (Registered Valuers and valuation) Rules, 2017.\n\nFair value hierarchy disclosures for revalued intangible assets have been provided in Note 30.\n\nInformation of revaluation model:\n\nParticulars Amount Balance as at April 1, 2022 Purchases during the year 1,308.05 Re-measurement recognised in revaluation reserves 28.00 Balance as at March 31, 2023 1,336.05 Purchases during the year - Re-measurement recognised in revaluation reserves (349.81) Balance as at March 31, 2024 986.24\n\nIf IP addresses were measured using the cost model. The carrying amounts would be as follows:\n\nNet book value As at As at March 31, 2024 April 1, 2023 Cost 181.81 181.81 Accumulated depreciation and impairment - - Net Carrying amount 181.81 181.81\n\nFor details of amount of the revaluation surplus that relates to intangible assets at the beginning and end of the period, the changes during the period and any restrictions on the distribution of the balance in revaluation surplus to shareholders, refer note 13.\n\n(iii) Assets with indefinite useful life\n\nIndefinite-lived intangible assets consist of Internet Protocol (“IP”) addresses. IP are the numerical addresses used to identify a particular piece of hardware connected to the Internet. Since the IP Address’s usefulness to the business is not limited by time, or any other factors, the life of these assets have been estimated as indefinite.\n\n6. Other financial assets\n\nAs at March 31, 2024 As at March 31, 2023 Particulars Current cunt Current cunt Unsecured, considered good unless otherwise stated Deposits with original maturity of more than 12 months (refer note 10) - 386.63 - - Security deposit 36.52 - 12.87 - Unbilled revenue 325.08 - 213.13 - Amount recoverable in cash 4.11 - 52.13 - Total 365.71 386.63 278.13 -\n\n7. Tax assets (net)\n\nParticulars As at March 31, 2024 As at March 31, 2023 Non- Non- Current eUrrent Current current Advance income tax / Tax deducted at source* - 243.75 - 26.98 Total - 243.75 - 26.98\n\n*Net of provisions for income tax\n\nE2E Networks Limited\n\nQo\n\n—']",Internet Protocol (IP) addresses are considered assets with an indefinite useful life because their usefulness to the business is not limited by time or any other factors.,simple,[{'source': '/opt/datasets/test-10/5.png'}],True
5,How do K8s containers boost serverless in cloud?,"['Cloud GPUs\n\nArray of advanced Cloud GPU products for enterprise machine learning and Generative Al workloads.\n\nContainers & Serverless\n\nHighly Performant Kubernetes Containers and OpenFaaS based serverless compute allows\n\nLinux Cloud\n\nHighly performant and affordable CPU Intensive, Memory Intensive & Smart Dedicated Compute onthe Cloud powered by Linux.\n\nInfiniband upto 3.2Tbps\n\nInfiniband NDR allows for low latency scalability of Cloud GPU clusters beyond the limits of a single physical machine with interconnects upto 3.2 Tops.\n\nTIR - GenAl Platform\n\nGPU-backed Machine Learning platform packaged with top open source frameworks and built for advanced Al for Training, Inference and Model End Point Deployments\n\nStorage & Cloud Solutions\n\nCloud Solutions: LB, DBaaS, Firewall, Containers, Auto Scaling & Storage Solutions: Object Storage, Block Storage, Container Attached Storage, Elastic File System.']",The answer to given question is not present in context,reasoning,[{'source': '/opt/datasets/test-10/1.png'}],True
6,How does OpenFaaS boost K8s container performance?,"['Cloud GPUs\n\nArray of advanced Cloud GPU products for enterprise machine learning and Generative Al workloads.\n\nContainers & Serverless\n\nHighly Performant Kubernetes Containers and OpenFaaS based serverless compute allows\n\nLinux Cloud\n\nHighly performant and affordable CPU Intensive, Memory Intensive & Smart Dedicated Compute onthe Cloud powered by Linux.\n\nInfiniband upto 3.2Tbps\n\nInfiniband NDR allows for low latency scalability of Cloud GPU clusters beyond the limits of a single physical machine with interconnects upto 3.2 Tops.\n\nTIR - GenAl Platform\n\nGPU-backed Machine Learning platform packaged with top open source frameworks and built for advanced Al for Training, Inference and Model End Point Deployments\n\nStorage & Cloud Solutions\n\nCloud Solutions: LB, DBaaS, Firewall, Containers, Auto Scaling & Storage Solutions: Object Storage, Block Storage, Container Attached Storage, Elastic File System.']",The answer to given question is not present in context,reasoning,[{'source': '/opt/datasets/test-10/1.png'}],True
7,How does E2E Cloud's cash flow report adjust for non-cash items and credit issues?,"['E2E Cloud\n\nAnnual Report 2023-24\n\nk. Trade and other payables\n\nTrade and other payables represent liabilities for goods or services provided to the Company prior to the end of financial year which are unpaid.\n\n|. Borrowings\n\nBorrowings are initially recognised at fair value, net of transaction costs incurred. Borrowings are subsequently measured at amortised cost. Any difference between the proceeds (net of transaction costs) and the redemption amount is recognised in Statement of Profit and Loss over the period of the borrowings using the effective interest rate method.\n\nBorrowings are removed from the balance sheet when the obligation specified in the contract is discharged, cancelled or expired.\n\nThe difference between the carrying amount of a financial liability that has been extinguished or transferred to another party and the consideration paid, including any non-cash assets transferred or liabilities assumed, is recognised in Statement of Profit and Loss.\n\nm. Foreign exchange gains or losses\n\nFor financial liabilities that are denominated in a foreign currency and are measured at amortised cost at the end of each reporting period, the foreign exchange gains and losses are determined based on the amortised cost of the instruments and are recognised in profit or loss.\n\nThe fair value of financial liabilities denominated in a foreign currency is determined in that foreign currency and translated at the exchange rate at the end of the reporting period. For financial liabilities that are measured as at fair value through profit or loss, the foreign exchange component forms part of the fair value gains or losses and is recognised in Statement of Profit and Loss.\n\nn. Derecognition of financial liabilities\n\nThe Company derecognises financial liabilities when, and only when, the Company’s obligations are discharged, cancelled or have expired.\n\no. Offsetting Financial Instruments\n\nFinancial assets and liabilities are offset and the net amount is reported in the Balance Sheet where there is a legally enforceable right to offset the recognised amounts and there is an intention to settle on a net basis or realise the asset and settle the liability simultaneously. The legally enforceable right must not be contingent on future events and must be enforceable in the normal course of business and in the event of default, insolvency or bankruptcy of the Company or the counterparty.\n\nxiv. Impairment of non-financial assets\n\nProperty, plant and equipment and other intangible assets represent a significant proportion of the asset base the Company. The charge in respect of periodic depreciation / amortisation is derived after determining an estimate of an asset’s expected useful life and the expected residual value at the end of its life. The useful lives and residual values of Company’s assets are determined at the time the asset is acquired and reviewed periodically. The lives are based on historical experience with similar assets as well as anticipation of future events, which may impact their life, such as changes in technology. The estimated useful life is reviewed at least annually.\n\nof\n\nxv. Cash Flow Statement\n\nCash flows are reported using the indirect method, whereby loss for the period is adjusted for the effects of transactions of a non-cash nature, any deferrals or accruals of past or future operating cash receipts or payments and item of income or expenses associated with investing or financing cash flows. The cash flows from operating, investing and financing activities of the Company are segregated.\n\nxvi. Events occurring after the balance sheet date\n\nBased on the nature of the event, the company identifies the events occurring between the balance sheet date and the date on which the financial statements are approved as ‘Adjusting Event’ and ‘Non-adjusting event’. Adjustments to assets and liabilities are made for events occurring after the balance sheet date that provide additional information materially affecting the determination of the amounts relating to conditions existing at the balance sheet date or because of statutory requirements or because of their special nature. For non-adjusting events, the company may provide a disclosure in the financial statements considering the nature of the transaction.\n\n——@®\n\nE2E Networks Limited', 'E2E Cloud\n\nAnnual Report 2023-24\n\n(All amounts are in INR lakhs, unless otherwise stated)\n\n8. Trade receivables\n\nParticulars As at March 31, 2024 As at March 31, 2023 Trade receivables Unsecured, considered good 256.37 60.45 Credit impaired 39.60 - 295.97 60.45 Loss allowance (39.60) - Total 256.37 60.45\n\n(i)\n\nTrade receivables are non-interest bearing and are generally on terms of 0 to Company’s credit risk policy and exposure. 30 days. Refer no’ ie 31A for details o\n\n(ii) No trade or other receivable are due from directors or other officers of the com other person. Except as disclosed in Note 36 no respectively in which any director is a partner, a director or a member. pany either several ly or jointly with any rade or other receivable are due from firms or private companies\n\nTrade receivables ageing schedule for the year ended March 31, 2024\n\n*“Ageing has been considered from the date of transaction (posting date).\n\nS.No Particulars Not due Less than 6 months months - 1 year 1-2 years 2-3 years More than 3 years Total Undisputed Trade receivables — considered good 241.71 14.66 256.37 Undisputed Trade Receivables — which have significant increase in credit risk Undisputed Trade Receivables — credit impaired Disputed Trade Receivables considered good Disputed Trade Receivables - which have significant increase in credit risk Disputed Trade Receivables — credit impaired 39.60 39.60 Total: Trade Receivables (Current) 281.31 14.66 295.97\n\nTrade receivables ageing schedule for the year ended March 31, 2023\n\n*“Ageing has been considered from the date of transaction (posting date).\n\nS.No Particulars Not due Less than 6 months months - 1 year 1-2 years 2-3 years More than 3 years Total (i) Undisputed Trade receivables — considered good 60.21 0.24 60.45 (ii) Undisputed Trade Receivables — which have significant increase in credit risk (iii) Undisputed Trade Receivables — credit impaired Disputed Trade Receivables considered good Disputed Trade Receivables - which have significant increase in credit risk Disputed Trade Receivables — credit impaired Total: Trade Receivables (Current) 60.21 0.24 60.45\n\n——_@\n\nE2E Networks Limited']","E2E Cloud's cash flow report adjusts for non-cash items by using the indirect method, whereby loss for the period is adjusted for the effects of transactions of a non-cash nature, any deferrals or accruals of past or future operating cash receipts or payments, and items of income or expenses associated with investing or financing cash flows.",multi_context,"[{'source': '/opt/datasets/test-10/2.png'}, {'source': '/opt/datasets/test-10/6.png'}]",True
8,How are foreign exchange gains or losses on financial liabilities denominated in a foreign currency recognized in the financial statements of E2E Networks Limited?,"['E2E Cloud\n\nAnnual Report 2023-24\n\nk. Trade and other payables\n\nTrade and other payables represent liabilities for goods or services provided to the Company prior to the end of financial year which are unpaid.\n\n|. Borrowings\n\nBorrowings are initially recognised at fair value, net of transaction costs incurred. Borrowings are subsequently measured at amortised cost. Any difference between the proceeds (net of transaction costs) and the redemption amount is recognised in Statement of Profit and Loss over the period of the borrowings using the effective interest rate method.\n\nBorrowings are removed from the balance sheet when the obligation specified in the contract is discharged, cancelled or expired.\n\nThe difference between the carrying amount of a financial liability that has been extinguished or transferred to another party and the consideration paid, including any non-cash assets transferred or liabilities assumed, is recognised in Statement of Profit and Loss.\n\nm. Foreign exchange gains or losses\n\nFor financial liabilities that are denominated in a foreign currency and are measured at amortised cost at the end of each reporting period, the foreign exchange gains and losses are determined based on the amortised cost of the instruments and are recognised in profit or loss.\n\nThe fair value of financial liabilities denominated in a foreign currency is determined in that foreign currency and translated at the exchange rate at the end of the reporting period. For financial liabilities that are measured as at fair value through profit or loss, the foreign exchange component forms part of the fair value gains or losses and is recognised in Statement of Profit and Loss.\n\nn. Derecognition of financial liabilities\n\nThe Company derecognises financial liabilities when, and only when, the Company’s obligations are discharged, cancelled or have expired.\n\no. Offsetting Financial Instruments\n\nFinancial assets and liabilities are offset and the net amount is reported in the Balance Sheet where there is a legally enforceable right to offset the recognised amounts and there is an intention to settle on a net basis or realise the asset and settle the liability simultaneously. The legally enforceable right must not be contingent on future events and must be enforceable in the normal course of business and in the event of default, insolvency or bankruptcy of the Company or the counterparty.\n\nxiv. Impairment of non-financial assets\n\nProperty, plant and equipment and other intangible assets represent a significant proportion of the asset base the Company. The charge in respect of periodic depreciation / amortisation is derived after determining an estimate of an asset’s expected useful life and the expected residual value at the end of its life. The useful lives and residual values of Company’s assets are determined at the time the asset is acquired and reviewed periodically. The lives are based on historical experience with similar assets as well as anticipation of future events, which may impact their life, such as changes in technology. The estimated useful life is reviewed at least annually.\n\nof\n\nxv. Cash Flow Statement\n\nCash flows are reported using the indirect method, whereby loss for the period is adjusted for the effects of transactions of a non-cash nature, any deferrals or accruals of past or future operating cash receipts or payments and item of income or expenses associated with investing or financing cash flows. The cash flows from operating, investing and financing activities of the Company are segregated.\n\nxvi. Events occurring after the balance sheet date\n\nBased on the nature of the event, the company identifies the events occurring between the balance sheet date and the date on which the financial statements are approved as ‘Adjusting Event’ and ‘Non-adjusting event’. Adjustments to assets and liabilities are made for events occurring after the balance sheet date that provide additional information materially affecting the determination of the amounts relating to conditions existing at the balance sheet date or because of statutory requirements or because of their special nature. For non-adjusting events, the company may provide a disclosure in the financial statements considering the nature of the transaction.\n\n——@®\n\nE2E Networks Limited']","For financial liabilities that are denominated in a foreign currency and are measured at amortised cost at the end of each reporting period, the foreign exchange gains and losses are determined based on the amortised cost of the instruments and are recognised in profit or loss. The fair value of financial liabilities denominated in a foreign currency is determined in that foreign currency and translated at the exchange rate at the end of the reporting period. For financial liabilities that are measured as at fair value through profit or loss, the foreign exchange component forms part of the fair value gains or losses and is recognised in Statement of Profit and Loss.",simple,[{'source': '/opt/datasets/test-10/2.png'}],True
